comparison_group,player,fixture_id,fixture,date,date_status,ticket_match_status,ticket_references,source_page,team_context_identity,shot_share_basis,result,record_status,reported_shots,starter,minutes,personal_shots,team_shots,player_shot_share,home_away,position_role,score_state_red_cards_substitution,displayed_score,source,confidence,evidence_note
same_player,Ante Budimir,F074,Osasuna v Getafe,2026-08-31,candidate; original ticket date absent,unverified; dated ticket-to-provider fixture link required,T047 | T048 | T049,6,Osasuna,personal shots / full-match team shots,MISS,reported_miss,1,True,90,1,10,0.1,Home,Unknown,Starter,1-0,https://www.osasuna.es/osasuna-getafe-cronica-31-08-2026 | https://fbref.com/en/players/8f3565b3/matchlogs/2026-2027/c12/summary/Ante-Budimir-Match-Logs | https://fbref.com/en/players/8f3565b3/matchlogs/2026-2027/misc/Ante-Budimir-Match-Logs | https://fbref.com/en/players/8f3565b3/matchlogs/2026-2027/summary | https://fbref.com/en/players/8f3565b3/matchlogs/2026/Ante-Budimir-Match-Logs | https://fbref.com/en/players/8f3565b3/matchlogs/2026-2027/passing_types/Ante-Budimir-Match-Logs | https://fbref.com/en/players/8f3565b3/matchlogs/2026-2027/possession/Ante-Budimir-Match-Logs | https://fbref.com/en/squads/7848bd64/2026-2027/matchlogs/c12/shooting/Getafe-Match-Logs-La-Liga,medium,His only shot was a penalty goal; scoring did not imply 2+ shots.
same_player,Ante Budimir,F114,Osasuna v Levante,2026-08-24,candidate fixture date; original ticket date absent,unverified; dated ticket-to-provider fixture link required,T109,28,player-specific candidate-match enrichment,personal shots / full-match team shots,HIT,report_only_hit,4,True,79,4,12,0.3333,Home,Forward in 4-4-2,Unknown,0-0,PDF report page 28 | https://fbref.com/en/squads/03c57e2b/2026-2027/matchlogs/c12/shooting/Osasuna-Match-Logs-La-Liga,provisional candidate-match context; ticket link unverified,Successful 2+ shots selection in the saved report; Phase 3 enrichment is limited to fields supported by the linked match source.
same_player,Antony,F001,Deportivo A Coruna v Real Betis,2026-09-20,candidate; original ticket date absent,unverified; dated ticket-to-provider fixture link required,T001 | T002 | T003 | T004,5,Real Betis,Unknown,MISS,unresolved_original_player,0,Unknown,Unknown,Unknown,Unknown,Unknown,Away,Unknown,Original-player record; replacement appearance excluded,1-1,https://www.europapress.es/deportes/estadisticas-deportivas/noticia-deportivo-betis-resumen-goles-resultado-partido-hoy-20260920203340.html | https://www.sofascore.com/es/football/match/deportivo-de-la-coruna-real-betis/qgbsHgb,low/unresolved,Replaced Antony. Original selected player's minutes and shots need separate verification.
same_player,Antony,F093,Levante v Real Betis,2026-08-29,candidate fixture date; original ticket date absent,unverified; dated ticket-to-provider fixture link required,T070 | T074 | T075 | T077 | T078 | T079 | T080,25,player-specific candidate-match enrichment,personal shots / full-match team shots,HIT,report_only_hit,6,True,90,6,20,0.3,Away,Attacking midfield,Unknown,5-2,PDF report page 25 | https://fbref.com/en/players/99127249/matchlogs/2026/Antony-Match-Logs,provisional candidate-match context; ticket link unverified,Successful 2+ shots selection in the saved report; Phase 3 enrichment is limited to fields supported by the linked match source.
same_player,Antony,F108,Valencia v Real Betis,2026-08-25,candidate fixture date; original ticket date absent,unverified; dated ticket-to-provider fixture link required,T101 | T102,33,player-specific candidate-match enrichment,personal shots / full-match team shots,HIT,report_only_hit,4,True,90,4,15,0.2667,Away,Attacking midfield,Unknown,0-1,PDF report page 33 | https://fbref.com/en/squads/dcc91a7b/2026-2027/matchlogs/all_comps/shooting/Valencia-Match-Logs-All-Competitions,provisional candidate-match context; ticket link unverified,Successful 2+ shots selection in the saved report; Phase 3 enrichment is limited to fields supported by the linked match source.
same_player,Guilherme Augusto,F087,Houston Dynamo v San Jose,2026-08-29,candidate; original ticket date absent,unverified; dated ticket-to-provider fixture link required,T061 | T063 | T064 | T065 | T066 | T075,5,Houston Dynamo,personal shots / full-match team shots,MISS,reported_miss,1,Unknown,90,1,11,0.0909,Home,Unknown,Appearance; start unverified,0-0,https://www.fotmob.com/en-GB/players/763151/guilherme-augusto | https://fbref.com/en/matches/c51de9c2/Houston-Dynamo-San-Jose-Earthquakes-August-29-2026-Major-League-Soccer,medium,Displayed one shot not independently reconciled; some providers use next-day UTC date.
same_player,Guilherme Augusto,F175,Houston Dynamo v LA Galaxy,2026-08-16,candidate fixture date; original ticket date absent,unverified; dated ticket-to-provider fixture link required,T151 | T153 | T154 | T155 | T156,23,player-specific candidate-match enrichment,personal shots / full-match team shots,HIT,report_only_hit,3,True,90,3,9,0.3333,Home,Left wing,Unknown,1-0,PDF report page 23 | https://fbref.com/en/players/58649f05/matchlogs/2026/c22/summary/Guilherme-Match-Logs,provisional candidate-match context; ticket link unverified,Successful 2+ shots selection in the saved report; Phase 3 enrichment is limited to fields supported by the linked match source.
same_player,Joao Pedro,F037,Chelsea v Hull,2026-09-12,candidate; original ticket date absent,unverified; dated ticket-to-provider fixture link required,T013 | T014 | T015 | T016,9,Chelsea,personal shots / full-match team shots,MISS,reported_miss,1,True,90,1,12,0.0833,Home,Unknown,Starter,2-2,https://fbref.com/en/players/e8832875/matchlogs/2026/Joao-Pedro-Match-Logs | https://fbref.com/en/squads/cff3d9bb/2026-2027/matchlogs/all_comps/shooting/Chelsea-Match-Logs-All-Competitions,medium,One goal and one assist accompany only one shot; involvement is not repeated shooting.
same_player,Joao Pedro,F076,Chelsea v Brighton,2026-08-30,candidate fixture date; original ticket date absent,unverified; dated ticket-to-provider fixture link required,T056 | T057 | T058,19,player-specific candidate-match enrichment,personal shots / full-match team shots,HIT,report_only_hit,5,True,90,5,17,0.2941,Home,Forward,Unknown,4-3,PDF report page 19 | https://fbref.com/en/squads/cff3d9bb/2026-2027/matchlogs/all_comps/shooting/Chelsea-Match-Logs-All-Competitions,provisional candidate-match context; ticket link unverified,Successful 2+ shots selection in the saved report; Phase 3 enrichment is limited to fields supported by the linked match source.
same_player,Joao Pedro,F113,Fulham v Chelsea,2026-08-24,candidate fixture date; original ticket date absent,unverified; dated ticket-to-provider fixture link required,T105 | T111 | T113,22,player-specific candidate-match enrichment,personal shots / full-match team shots,HIT,report_only_hit,4,True,90,4,18,0.2222,Away,Forward,Unknown,2-3,PDF report page 22 | https://fbref.com/en/squads/cff3d9bb/2026-2027/matchlogs/all_comps/shooting/Chelsea-Match-Logs-All-Competitions,provisional candidate-match context; ticket link unverified,Successful 2+ shots selection in the saved report; Phase 3 enrichment is limited to fields supported by the linked match source.
same_player,Kristoffer Velde,F132,LAFC v Portland Timbers,2026-08-22,candidate; original ticket date absent,unverified; dated ticket-to-provider fixture link required,T122,11,Portland Timbers,personal shots / full-match team shots,MISS,provisional_reconciled,1,Unknown,69,1,9,0.1111,Away,Unknown,Original-player record; replacement appearance excluded,1-1,https://www.timbers.com/news/recap-portland-timbers-fight-to-1-1-draw-on-the-road-with-los-angeles-fc | https://fbref.com/en/players/c5c1627c/all_comps/Kristoffer-Velde-Stats---All-Competitions,medium/provisional,Portland recorded 9 shots against LAFC's 34; Velde was the original selection.
same_player,Kristoffer Velde,F011,Portland Timbers v Atlanta Utd,2026-09-20,candidate fixture date; original ticket date absent,unverified; dated ticket-to-provider fixture link required,T005 | T006 | T009 | T010 | T012,29,player-specific candidate-match enrichment,Unknown,HIT,report_only_hit,9,True,90,9,Unknown,Unknown,Home,Forward in 4-3-3,"Played 90; no red cards. Team-shot extracts conflict (17 vs 21), so team shots remain Unknown",0-1,PDF report page 29 | https://www.soccerzz.com/match/2026-09-20-portland-timbers-atlanta-united/11833031,provisional candidate-match context; ticket link unverified,Successful 2+ shots selection in the saved report; Phase 3 enrichment is limited to fields supported by the linked match source.
same_player,Kristoffer Velde,F089,Portland Timbers v Austin FC,2026-08-29,candidate fixture date; original ticket date absent,unverified; dated ticket-to-provider fixture link required,T064 | T065 | T066,29,player-specific candidate-match enrichment,Unknown,HIT,report_only_hit,3,True,90,3,Unknown,Unknown,Home,Forward,"Team-shot providers disagree (12 vs 13), so team shots remain Unknown",1-2,PDF report page 29 | https://fbref.com/en/players/c5c1627c/matchlogs/2026/c22/Kristoffer-Velde-Match-Logs,provisional candidate-match context; ticket link unverified,Successful 2+ shots selection in the saved report; Phase 3 enrichment is limited to fields supported by the linked match source.
same_player,Kristoffer Velde,F158,Portland Timbers v San Diego FC,2026-08-19,candidate fixture date; original ticket date absent,unverified; dated ticket-to-provider fixture link required,T138 | T139 | T140 | T141,30,player-specific candidate-match enrichment,personal shots / full-match team shots,HIT,report_only_hit,2,True,74,2,11,0.1818,Home,Unknown,Unknown,3-1,PDF report page 30 | https://fbref.com/en/squads/d076914e/2026/matchlogs/c22/shooting/Portland-Timbers-Match-Logs-Major-League-Soccer,provisional candidate-match context; ticket link unverified,Successful 2+ shots selection in the saved report; Phase 3 enrichment is limited to fields supported by the linked match source.
same_player,Kristoffer Velde,F170,Chicago Fire v Portland Timbers,2026-08-16,candidate fixture date; original ticket date absent,unverified; dated ticket-to-provider fixture link required,T147,9,player-specific candidate-match enrichment,personal shots / full-match team shots,HIT,report_only_hit,3,True,90,3,11,0.2727,Away,Forward,Unknown,2-1,PDF report page 9 | https://fbref.com/en/players/c5c1627c/matchlogs/2026/c22/Kristoffer-Velde-Match-Logs,provisional candidate-match context; ticket link unverified,Successful 2+ shots selection in the saved report; Phase 3 enrichment is limited to fields supported by the linked match source.
same_player,Lionel Messi,F222,England v Argentina,2026-07-15,candidate; original ticket date absent,unverified; dated ticket-to-provider fixture link required,T302,10,Argentina,personal shots / full-match team shots,MISS,reported_miss,1,True,90,1,15,0.0667,Neutral,Unknown,Starter,1-2,https://www.englandfootball.com/england/mens-senior-team/fixtures-results/2025-26/World-Cup/england-argentina-fifa-world-cup-quarter-final-wednesday-15-july-2026-match-centre | https://fbref.com/en/players/d70ce98e/matchlogs/2026/summary | https://fbref.com/en/players/d70ce98e/matchlogs/2026/c1/Lionel-Messi-Match-Logs | https://fbref.com/en/players/d70ce98e/matchlogs/c1/Lionel-Messi-Match-Logs | https://fbref.com/en/players/d70ce98e/matchlogs/nat_tm/Lionel-Messi-Match-Logs | https://fbref.com/en/matches/47dbfe60/England-Argentina-July-15-2026-World-Cup,medium,Two assists accompany only one personal shot; creative contribution does not imply shot volume.
same_player,Lionel Messi,F137,Inter Miami v Toronto FC,2026-08-22,candidate fixture date; original ticket date absent,unverified; dated ticket-to-provider fixture link required,T136,23,player-specific candidate-match enrichment,personal shots / full-match team shots,HIT,report_only_hit,2,True,90,2,10,0.2,Home,Attacking midfield,Unknown,1-2,PDF report page 23 | https://fbref.com/en/squads/cb8b86a2/2026/matchlogs/all_comps/shooting/Inter-Miami-Match-Logs-All-Competitions,provisional candidate-match context; ticket link unverified,Successful 2+ shots selection in the saved report; Phase 3 enrichment is limited to fields supported by the linked match source.
same_player,Lionel Messi,F179,Nashville SC v Inter Miami,2026-08-15,candidate fixture date; original ticket date absent,unverified; dated ticket-to-provider fixture link required,T151 | T152 | T153 | T157,26,player-specific candidate-match enrichment,personal shots / full-match team shots,HIT,report_only_hit,12,True,90,11,16,0.6875,Away,Forward,FBref records 11 shots; saved report counter is 12. Threshold result remains HIT.,4-1,PDF report page 26 | https://fbref.com/en/squads/cb8b86a2/2026/matchlogs/all_comps/shooting/Inter-Miami-Match-Logs-All-Competitions,provisional candidate-match context; ticket link unverified; counter disagreement recorded,Successful 2+ shots selection in the saved report; Phase 3 enrichment is limited to fields supported by the linked match source.
same_player,Omar Marmoush,F036,Tottenham v Everton,2026-09-12,candidate; original ticket date absent,unverified; dated ticket-to-provider fixture link required,T013,14,Tottenham,personal shots / full-match team shots,MISS,provisional_reconciled,1,Unknown,76,1,14,0.0714,Home,Unknown,Original-player record; replacement appearance excluded,0-0,https://fbref.com/en/players/ee38d9c5/matchlogs/2026-2027/James-Maddison-Match-Logs | https://fbref.com/en/players/0e0102eb/matchlogs/2026/Omar-Marmoush-Match-Logs | https://www.tntsports.co.uk/football/premier-league/2026-2027/live-tottenham-hotspur-everton_mtc21883200/live.shtml | https://fbref.com/en/squads/361ca564/2026-2027/matchlogs/c9/shooting/Tottenham-Hotspur-Match-Logs-Premier-League,medium/provisional,Report counter 1 differs from Maddison's personal 0; original Marmoush has 1.
same_player,Omar Marmoush,F055,Nottm Forest v Tottenham,2026-09-05,candidate fixture date; original ticket date absent,unverified; dated ticket-to-provider fixture link required,T019 | T021 | T022 | T023 | T024 | T025,27,player-specific candidate-match enrichment,personal shots / full-match team shots,HIT,report_only_hit,3,True,83,3,11,0.2727,Away,Centre forward in 4-2-3-1,Substituted at 83; no score-state change in 0-0 draw,0-0,PDF report page 27 | https://fbref.com/en/squads/361ca564/2026-2027/matchlogs/c9/shooting/Tottenham-Hotspur-Match-Logs-Premier-League,provisional candidate-match context; ticket link unverified,Successful 2+ shots selection in the saved report; Phase 3 enrichment is limited to fields supported by the linked match source.
same_player,Pep Biel,F166,Toronto FC v Charlotte FC,2026-08-19,candidate; original ticket date absent,unverified; dated ticket-to-provider fixture link required,T141,7,Charlotte,personal shots / full-match team shots,MISS,unresolved_original_player,1,Unknown,Unknown,Unknown,16,Unknown,Away,Unknown,Original-player record; replacement appearance excluded,3-3,https://fbref.com/en/players/e9241b40/matchlogs/2026/c22/summary/Luca-de-la-Torre-Match-Logs | https://fbref.com/en/players/e9241b40/ | https://fbref.com/en/players/e9241b40/matchlogs/2026/c22/Luca-de-la-Torre-Match-Logs | https://fbref.com/en/players/e9241b40/Luca-de-la-Torre | https://fbref.com/en/players/e9241b40/matchlogs/2026/Luca-de-la-Torre-Match-Logs | https://www.vi.nl/wedstrijden/2026-08-20/toronto-fc-vs-charlotte | https://fbref.com/en/squads/eb57545a/2026/matchlogs/c22/shooting/Charlotte-FC-Match-Logs-Major-League-Soccer,low/unresolved,Displayed 1 differs from personal 0; original Pep Biel total still needs reconciliation.
same_player,Pep Biel,F134,Charlotte FC v DC United,2026-08-22,candidate fixture date; original ticket date absent,unverified; dated ticket-to-provider fixture link required,T136,19,player-specific candidate-match enrichment,personal shots / full-match team shots,HIT,report_only_hit,2,True,90,2,11,0.1818,Home,Attacking midfield,Unknown,3-1,PDF report page 19 | https://fbref.com/en/players/1c59240b/matchlogs/2026/summary/Pep-Biel-Match-Logs,provisional candidate-match context; ticket link unverified,Successful 2+ shots selection in the saved report; Phase 3 enrichment is limited to fields supported by the linked match source.
same_player,Pep Biel,F180,Charlotte FC v Columbus Crew,2026-08-15,candidate fixture date; original ticket date absent,unverified; dated ticket-to-provider fixture link required,T153 | T154 | T155 | T156,19,player-specific candidate-match enrichment,personal shots / full-match team shots,HIT,report_only_hit,3,True,86,3,9,0.3333,Home,Right wing,Unknown,3-1,PDF report page 19 | https://fbref.com/en/squads/eb57545a/2026/matchlogs/c22/shooting/Charlotte-FC-Match-Logs-Major-League-Soccer,provisional candidate-match context; ticket link unverified,Successful 2+ shots selection in the saved report; Phase 3 enrichment is limited to fields supported by the linked match source.
same_player,Petar Musa,F026,FC Dallas v Austin FC,2026-09-19,candidate; original ticket date absent,unverified; dated ticket-to-provider fixture link required,T010 | T012,5,FC Dallas,personal shots / full-match team shots,MISS,reported_miss,1,Unknown,Unknown,1,12,0.0833,Home,Unknown,Unverified,0-0,https://www.fcdallas.com/news/fc-dallas-wins-copa-tejas-with-scoreless-draw-against-austin-fc | https://fbref.com/en/matches/d55b9e27/FC-Dallas-Austin-FC-September-19-2026-Major-League-Soccer,medium,Scoreless match confirmed; individual minutes and final personal shots remain unverified.
same_player,Petar Musa,F160,Real Salt Lake v FC Dallas,2026-08-19,candidate fixture date; original ticket date absent,unverified; dated ticket-to-provider fixture link required,T137 | T138 | T139 | T140 | T141,30,player-specific candidate-match enrichment,personal shots / full-match team shots,HIT,report_only_hit,4,True,45,4,13,0.3077,Away,Forward,Substituted after 45 provider minutes; scored twice,3-4,PDF report page 30 | https://fbref.com/en/players/4567a0b4/matchlogs/2026/c22/Petar-Musa-Match-Logs,provisional candidate-match context; ticket link unverified,Successful 2+ shots selection in the saved report; Phase 3 enrichment is limited to fields supported by the linked match source.
same_player,Petar Musa,F171,Austin FC v FC Dallas,2026-08-16,candidate fixture date; original ticket date absent,unverified; dated ticket-to-provider fixture link required,T142 | T146 | T147 | T148 | T150,16,player-specific candidate-match enrichment,personal shots / full-match team shots,HIT,report_only_hit,3,True,84,3,15,0.2,Away,Forward,Unknown,1-2,PDF report page 16 | https://fbref.com/en/matches/115ea14d/Austin-FC-FC-Dallas-August-16-2026-Major-League-Soccer,provisional candidate-match context; ticket link unverified,Successful 2+ shots selection in the saved report; Phase 3 enrichment is limited to fields supported by the linked match source.
same_player,Rafael Navarro,F130,San Diego FC v Colorado Rapids,2026-08-22,candidate; original ticket date absent,unverified; dated ticket-to-provider fixture link required,T118 | T124 | T125 | T128 | T129 | T130,13,Colorado Rapids,personal shots / full-match team shots,MISS,reported_miss,1,True,90,1,9,0.1111,Away,Unknown,"Marcus Ingvartsen: on 67, off 86; Rafael Navarro: no event recorded",3-0,https://www.oursportscentral.com/services/releases/san-diego-fc-defeats-colorado-rapids-3-0-at-snapdragon-stadium/n-6404824 | https://fbref.com/en/players/4b5ab509/ | https://fbref.com/en/players/4b5ab509/matchlogs/2026/c22/summary/Rafael-Navarro-Match-Logs | https://fbref.com/en/players/4b5ab509/matchlogs/2026/Rafael-Navarro-Match-Logs | https://fbref.com/en/players/4b5ab509/all_comps/Rafael-Navarro-Stats---All-Competitions,medium,One personal shot; Colorado recorded 9 team shots.
same_player,Rafael Navarro,F013,St. Louis City SC v Toronto FC,2026-09-20,candidate fixture date; original ticket date absent,unverified; dated ticket-to-provider fixture link required,T006 | T009 | T011,32,player-specific candidate-match enrichment,Unknown,HIT,report_only_hit,2,True,83,2,Unknown,Unknown,Home,Forward,"Substituted at 83; team-shot providers disagree (16, 17 and 18), so team shots remain Unknown",3-1,PDF report page 32 | https://www.torontofc.ca/news/match-recap-st-louis-city-sc-3-1-toronto-fc,provisional candidate-match context; ticket link unverified,Successful 2+ shots selection in the saved report; Phase 3 enrichment is limited to fields supported by the linked match source.
same_player,Simon Becher,F167,Kansas City v St. Louis City SC,2026-08-19,candidate; original ticket date absent,unverified; dated ticket-to-provider fixture link required,T141,5,St Louis,Unknown,MISS,provisional_reconciled,0,Unknown,61,0,Unknown,Unknown,Away,Unknown,Original player substituted after 61 provider minutes,1-1,https://fbref.com/en/players/3bd3bcc4/matchlogs/2026/Alexandru-Matan-Match-Logs | https://fbref.com/en/players/3bd3bcc4/Alexandru-Matan | https://fbref.com/en/players/3bd3bcc4/matchlogs/2026/c22/Alexandru-Matan-Match-Logs | https://fbref.com/en/players/3bd3bcc4/ | https://fbref.com/en/players/bc921182/matchlogs/2026/c22/summary/Simon-Becher-Match-Logs,medium/provisional,Original Becher records zero personal shots in 61 provider minutes.
same_player,Simon Becher,F013,St. Louis City SC v Toronto FC,2026-09-20,candidate fixture date; original ticket date absent,unverified; dated ticket-to-provider fixture link required,T006 | T009,32,player-specific candidate-match enrichment,Unknown,HIT,report_only_hit,4,False,45,4,Unknown,Unknown,Home,Forward,"Entered at half-time; scored at 68; team-shot providers disagree (16, 17 and 18), so team shots remain Unknown",3-1,PDF report page 32 | https://www.torontofc.ca/news/match-recap-st-louis-city-sc-3-1-toronto-fc,provisional candidate-match context; ticket link unverified,Successful 2+ shots selection in the saved report; Phase 3 enrichment is limited to fields supported by the linked match source.
same_player,Simon Becher,F079,St. Louis City SC v FC Dallas,2026-08-30,candidate fixture date; original ticket date absent,unverified; dated ticket-to-provider fixture link required,T056 | T058,32,player-specific candidate-match enrichment,Unknown,HIT,report_only_hit,3,True,90,3,Unknown,Unknown,Home,Forward,"Team-shot providers disagree (10 vs 12), so team shots remain Unknown",3-3,PDF report page 32 | https://www.soccerzz.com/match/2026-08-31-st-louis-city-sc-fc-dallas/11833234,provisional candidate-match context; ticket link unverified,Successful 2+ shots selection in the saved report; Phase 3 enrichment is limited to fields supported by the linked match source.
failure_only,Ademola Lookman,F138,Atletico Madrid v Villarreal,2026-08-23,candidate; original ticket date absent,unverified; dated ticket-to-provider fixture link required,T120,8,Atletico Madrid,Unknown,MISS,provisional_reconciled,1,Unknown,78,1,Unknown,Unknown,Home,Unknown,Opponent red card at 76; original player off at 78; causal effect unknown,2-2,https://fbref.com/en/players/7c104bb7/matchlogs/2026-2027/Ademola-Lookman-Match-Logs | https://www.infoatleti.es/partido/20260823,medium/provisional,Entered for Lookman after Le Normand's 76-minute red card; tactical cause remains a hypothesis.
failure_only,Bradley Barcola,F032,Liverpool v Fulham,2026-09-12,candidate; original ticket date absent,unverified; dated ticket-to-provider fixture link required,T013 | T014,11,Liverpool,Unknown,MISS,provisional_reconciled,1,Unknown,71,1,Unknown,Unknown,Home,Unknown,Original-player record; replacement appearance excluded,0-0,https://www.liverpoolfc.com/news/liverpool-held-0-0-draw-fulham-anfield/?amp=1 | https://fbref.com/en/players/022eca88/matchlogs/2026/Rio-Ngumoha-Match-Logs | https://fbref.com/en/players/022eca88/all_comps/Rio-Ngumoha-Stats---All-Competitions | https://fbref.com/en/players/022eca88/matchlogs/2026-2027/Rio-Ngumoha-Match-Logs | https://fbref.com/en/players/a0d55a09/matchlogs/2026-2027/Bradley-Barcola-Match-Logs,medium/provisional,Replacement for Barcola; substitute exposure is not original-player exposure.
failure_only,Cody Gakpo,F096,Liverpool v Nottm Forest,2026-08-29,candidate; original ticket date absent,unverified; dated ticket-to-provider fixture link required,T074 | T075 | T077 | T078 | T079 | T080,11,Liverpool,Unknown,MISS,provisional_reconciled,0,Unknown,70,0,Unknown,Unknown,Home,Unknown,Original player substituted after 70 provider minutes,2-2,https://www.liverpoolfc.com/news/isak-and-munoz-score-liverpool-draw-nottingham-forest?amp=1 | https://fbref.com/en/players/022eca88/matchlogs/2026-2027/c9/summary/Rio-Ngumoha-Match-Logs | https://fbref.com/en/players/022eca88/matchlogs/2026-2027/Rio-Ngumoha-Match-Logs | https://fbref.com/en/players/022eca88/matchlogs/2026/Rio-Ngumoha-Match-Logs | https://fbref.com/en/players/022eca88/all_comps/Rio-Ngumoha-Stats---All-Competitions | https://fbref.com/en/players/1971591f/matchlogs/2026/summary,medium/provisional,Replacement for Gakpo; a different original selection from the Fulham record.
failure_only,Denis Bouanga,F016,San Jose v LAFC,2026-09-19,candidate; original ticket date absent,unverified; dated ticket-to-provider fixture link required,T006 | T010 | T012,13,LAFC,Unknown,MISS,unresolved_original_player,1,Unknown,Unknown,Unknown,Unknown,Unknown,Away,Unknown,LAFC red card at 36; causal effect unknown,2-2,https://www.sjearthquakes.com/news/match-recap-earthquakes-2-lafc-2 | https://www.fotmob.com/hi/matches/san-jose-earthquakes-vs-los-angeles-fc/4vevx7re,low/unresolved,Club and event feed disagree on entry minute. LAFC red card at 36; Bouanga was the original selection.
failure_only,Desire Doue,F101,Lille v PSG,2026-08-28,candidate; original ticket date absent,unverified; dated ticket-to-provider fixture link required,T081,6,PSG,Unknown,MISS,provisional_reconciled,1,Unknown,45,1,Unknown,Unknown,Away,Unknown,Original player substituted at half-time,2-2,https://www.psg.fr/matchs/football-masculin/20262027/losc-vs-paris-2026-08-28 | https://fbref.com/en/players/dea88efd/matchlogs/2026-2027/c13/summary/Khvicha-Kvaratskhelia-Match-Logs | https://fbref.com/en/players/dea88efd/matchlogs/2026/Khvicha-Kvaratskhelia-Match-Logs | https://fbref.com/en/players/dea88efd/all_comps/Khvicha-Kvaratskhelia-Stats---All-Competitions | https://fbref.com/en/players/9e7483ff/all_comps/Desire-Doue-Stats---All-Competitions,medium/provisional,Personal 2 shots conflict with displayed 1; original Doue records 1.
failure_only,Dominic Calvert-Lewin,F009,Leeds v Crystal Palace,2026-09-20,candidate; original ticket date absent,unverified; dated ticket-to-provider fixture link required,T002 | T003,11,Leeds United,Unknown,MISS,reported_miss,1,True,90,1,Unknown,Unknown,Home,Unknown,Starter,0-0,https://www.leedsunited.com/en/news/leeds-united-and-crystal-palace-clash-ends-in-stalemate | https://footballnation.eu/football-player/dominic-calvert-lewin/,medium,One personal shot despite a full appearance.
failure_only,Hakon Arnar Haraldsson,F064,Toulouse v Lille,2026-09-03,candidate; original ticket date absent,unverified; dated ticket-to-provider fixture link required,T031,7,Lille,Unknown,MISS,reported_miss,0,True,90,0,Unknown,Unknown,Away,Unknown,Original player substituted after 56 provider minutes,0-1,https://www.sofascore.com/fr/football/match/toulouse-lille/THsGI | https://fbref.com/en/players/e2ae54db/matchlogs/2026/Hakon-Arnar-Haraldsson-Match-Logs | https://fbref.com/en/players/e2ae54db/matchlogs/2026-2027/passing_types/Hakon-Haraldsson-Match-Logs | https://fbref.com/en/players/e2ae54db/matchlogs/2026-2027/summary/Hakon-Haraldsson-Match-Logs | https://fbref.com/en/players/e2ae54db/matchlogs/2026-2027/misc/Hakon-Haraldsson-Match-Logs | https://fbref.com/en/players/e2ae54db/matchlogs/2026-2027/possession/Hakon-Haraldsson-Match-Logs,medium,No personal shots despite a full appearance.
failure_only,Harry Kane,F222,England v Argentina,2026-07-15,candidate; original ticket date absent,unverified; dated ticket-to-provider fixture link required,T302,10,England,Unknown,MISS,reported_miss,1,True,90,1,Unknown,Unknown,Neutral,Unknown,Starter,1-2,https://www.englandfootball.com/england/mens-senior-team/fixtures-results/2025-26/World-Cup/england-argentina-fifa-world-cup-quarter-final-wednesday-15-july-2026-match-centre | https://fbref.com/en/players/21a66f6a/matchlogs/c1/Harry-Kane-Match-Logs,medium,One personal shot across a full appearance.
failure_only,Joshua Coburn,F069,Millwall v Wrexham,2026-09-02,candidate; original ticket date absent,unverified; dated ticket-to-provider fixture link required,T040 | T043 | T044,6,Millwall,Unknown,MISS,reported_miss,0,True,62,0,Unknown,Unknown,Home,Unknown,Starter; off 63,0-3,https://fbref.com/en/players/cdb3f59c/matchlogs/2026-2027/c10/summary/Josh-Coburn-Match-Logs | https://fbref.com/en/players/cdb3f59c/all_comps/Josh-Coburn-Stats---All-Competitions | https://www.footballwebpages.co.uk/match/2026-2027/championship/millwall/wrexham/567919,medium,Zero shots with an appearance shorter than 90; this does not prove substitution caused the miss.
failure_only,Josue Vergara,F061,Gent v OH Leuven,2026-09-03,candidate; original ticket date absent,unverified; dated ticket-to-provider fixture link required,T031 | T033,5,Gent,Unknown,MISS,reported_miss,0,True,87,0,Unknown,Unknown,Home,Unknown,Starter; off 88,1-0,https://www.kaagent.be/nl/team/games/jupiler-pro-league-2026-2027/3/kaa-gent/oh-leuven/live | https://fbref.com/en/players/5fb2035f/matchlogs/2026-2027/Josue-Vergara-Match-Logs | https://fbref.com/en/players/5fb2035f/matchlogs/2026-2027/c37/Josue-Vergara-Match-Logs | https://fbref.com/en/players/5fb2035f/,medium,No personal shots across a long appearance; 87 provider minutes versus 88 substitution event.
failure_only,Luis Diaz,F146,Borussia Dortmund v Bayern Munich,2026-08-22,candidate; original ticket date absent,unverified; dated ticket-to-provider fixture link required,T127 | T134,8,Bayern Munich,Unknown,MISS,provisional_reconciled,1,Unknown,89,1,Unknown,Unknown,Away,Unknown,Original player substituted after 89 provider minutes,1-2,https://www.bvb.de/de/en/news/news-overview/news.html/2026/8/22/BVB-loses-Super-Cup-to-Bayern-Munich.html | https://fbref.com/en/players/07d3bfec/matchlogs/2026-2027/c606/summary/Tom-Bischof-Match-Logs | https://fbref.com/en/players/07d3bfec/matchlogs/2026-2027/summary | https://fbref.com/en/players/4a1a9578/matchlogs/2026-2027/c606/summary/Luis-Diaz-Match-Logs,medium/provisional,Report 1 matches original Diaz's 1 rather than Bischof's 0. Provider Diaz minutes 89; event time 95 is a separate convention.
failure_only,Marcus Ingvartsen,F130,San Diego FC v Colorado Rapids,2026-08-22,candidate; original ticket date absent,unverified; dated ticket-to-provider fixture link required,T118 | T124 | T125 | T128 | T129 | T130,13,San Diego,Unknown,MISS,reported_miss,0,False,19,0,Unknown,Unknown,Home,Unknown,"Marcus Ingvartsen: on 67, off 86; Rafael Navarro: no event recorded",3-0,https://www.oursportscentral.com/services/releases/san-diego-fc-defeats-colorado-rapids-3-0-at-snapdragon-stadium/n-6404824 | https://fbref.com/en/players/271b8617/ | https://fbref.com/en/players/271b8617/Marcus-Ingvartsen | https://fbref.com/en/players/271b8617/matchlogs/2026/c22/Marcus-Ingvartsen-Match-Logs,medium,"No replacement note in PDF, yet he was a substitute. One assist, zero shots."
failure_only,Nicolas Jackson,F038,Aston Villa v Nottm Forest,2026-09-12,candidate; original ticket date absent,unverified; dated ticket-to-provider fixture link required,T013,4,Aston Villa,Unknown,MISS,provisional_reconciled,0,Unknown,45,0,Unknown,Unknown,Home,Unknown,Original player substituted at half-time,1-2,https://fbref.com/en/players/f586779e/matchlogs/2026-2027/c9/summary/Tammy-Abraham-Match-Logs | https://fbref.com/en/players/9c36ed83/matchlogs/2026/summary,medium/provisional,Original Jackson and replacement Abraham each record zero personal shots.
failure_only,Olivier Giroud,F064,Toulouse v Lille,2026-09-03,candidate; original ticket date absent,unverified; dated ticket-to-provider fixture link required,T033,7,Lille,Unknown,MISS,provisional_reconciled,0,Unknown,56,0,Unknown,Unknown,Away,Unknown,Original player substituted after 56 provider minutes,0-1,https://www.sofascore.com/fr/football/match/toulouse-lille/THsGI | https://fbref.com/en/players/c0295327/matchlogs/2026-2027/c13/summary/Ayase-Ueda-Match-Logs | https://fbref.com/en/players/c0295327/matchlogs/2026/Ayase-Ueda-Match-Logs | https://fbref.com/en/players/c0295327/matchlogs/2026-2027/Ayase-Ueda-Match-Logs | https://fbref.com/en/players/c0295327/all_comps/Ayase-Ueda-Stats---All-Competitions | https://fbref.com/en/players/16ceb862/matchlogs/2026-2027/summary,medium/provisional,Personal 2 shots and a goal conflict with displayed 0; original Giroud records 0.
failure_only,Philip Zinckernagel,F170,Chicago Fire v Portland Timbers,2026-08-16,candidate; original ticket date absent,unverified; dated ticket-to-provider fixture link required,T146,9,Chicago Fire,Unknown,MISS,provisional_reconciled,0,Unknown,59,0,Unknown,Unknown,Home,Unknown,Original player substituted after 59 provider minutes,2-1,https://www.chicagofirefc.com/news/match-recap-chicago-fire-fc-wins-fifth-in-a-row-in-2-1-victory-over-portland-timbers-at-soldier-field | https://fbref.com/en/players/b055c837/matchlogs/2026/c22/Puso-Dithejane-Match-Logs | https://fbref.com/en/players/b055c837/matchlogs/2026/c22/summary/Puso-Dithejane-Match-Logs | https://fbref.com/en/players/a5ea254c/matchlogs/2026/Philip-Zinckernagel-Match-Logs,medium/provisional,"Displayed 0 matches original Zinckernagel (59 provider minutes), while replacement Dithejane records 1."
failure_only,Preston Judd,F141,San Jose v Minnesota Utd,2026-08-22,candidate; original ticket date absent,unverified; dated ticket-to-provider fixture link required,T122 | T123 | T131 | T132 | T133 | T135,13,San Jose,personal shots / full-match team shots,MISS,reported_miss,1,True,90,1,11,0.0909,Home,Unknown,Starter,1-5,https://www.sjearthquakes.com/news/match-recap-earthquakes-1-minnesota-united-fc-3 | https://fbref.com/en/players/00534d73/matchlogs/2026/Preston-Judd-Match-Logs | https://fbref.com/en/players/00534d73/ | https://fbref.com/en/players/00534d73/all_comps/Preston-Judd-Stats---All-Competitions,medium,One of 11 team shots (9.1%); whether this share was unusually low requires his baseline.
failure_only,Rasmus Hojlund,F145,Genoa v Napoli,2026-08-22,candidate; original ticket date absent,unverified; dated ticket-to-provider fixture link required,T127 | T134,10,Napoli,Unknown,MISS,provisional_reconciled,0,Unknown,77,0,Unknown,Unknown,Away,Unknown,Original player substituted after 77 provider minutes,0-2,https://sscnapoli.it/en/match-report-genoa-napoli-0-2/ | https://fbref.com/en/players/83c06f3a/matchlogs/2026-2027/summary | https://fbref.com/en/players/491a433d/matchlogs/2026-2027/c11/summary/Rasmus-Hojlund-Match-Logs,medium/provisional,Replacement for Hojlund; original exposure must be assessed separately.
failure_only,Ryan Gauld,F169,Seattle Sounders v Vancouver Whitecaps,2026-08-16,candidate; original ticket date absent,unverified; dated ticket-to-provider fixture link required,T142,13,Vancouver,Unknown,MISS,reported_miss,0,False,33,0,Unknown,Unknown,Away,Unknown,Bench,0-2,https://fbref.com/en/players/862e93c2/matchlogs/2026/summary,medium,"No replacement note in PDF, yet he was a substitute. Provider minutes differ elsewhere (31 versus 33)."
failure_only,Timo Werner,F176,San Jose v St. Louis City SC,2026-08-15,candidate; original ticket date absent,unverified; dated ticket-to-provider fixture link required,T151 | T153 | T154 | T155 | T156,7,San Jose,Unknown,MISS,reported_miss,0,True,90,0,Unknown,Unknown,Home,Unknown,Starter,1-3,https://fbref.com/en/players/49fe9070/matchlogs/2026/summary | https://fbref.com/en/players/49fe9070/matchlogs/2026/c22/Timo-Werner-Match-Logs | https://fbref.com/en/players/49fe9070/matchlogs/2026/misc/Timo-Werner-Match-Logs | https://fbref.com/en/players/49fe9070/all_comps/Timo-Werner-Stats---All-Competitions | https://fbref.com/en/players/49fe9070/,medium,Zero personal shots despite a full appearance.
failure_only,Will Lankshear,F068,Burnley v Middlesbrough,2026-09-02,candidate; original ticket date absent,unverified; dated ticket-to-provider fixture link required,T040 | T043 | T044,4,Middlesbrough,Unknown,MISS,reported_miss,1,True,86,1,Unknown,Unknown,Away,Unknown,Starter,1-1,https://www.burnleyfootballclub.com/media-article/match-report-burnley-1-1-middlesbrough | https://fbref.com/en/players/92df535b/matchlogs/2026-2027/c10/summary/Will-Lankshear-Match-Logs,medium,One personal shot across a long appearance.
